month,year,month_num,hours_provided,hours_not_provided,hours_in_month,service_fee,penalties,aFRR_total,balancing_total,IDM_total,trading_total,imbalance_total,grand_total,avg_rate,service_fee_eur,penalties_eur,aFRR_total_eur,balancing_total_eur,IDM_total_eur,trading_total_eur,imbalance_total_eur,grand_total_eur,service_fee_eur_per_mw,penalties_eur_per_mw,aFRR_total_eur_per_mw,balancing_total_eur_per_mw,IDM_total_eur_per_mw,trading_total_eur_per_mw,imbalance_total_eur_per_mw,grand_total_eur_per_mw
2023-01-01,2023,1,595,149,744,17850000,-8940000,8910000,25531848.915136196,-16323983.132347051,130677.75,-3242547.4151332206,15005996.117655924,39.33978387096774,453739.14759031177,-227250.8671964923,226488.2803938195,649008.3676839509,-414948.470126038,3321.7709184324854,-82424.1288607124,381445.82000945247,6049.855301204157,-3030.011562619897,3019.84373858426,8653.444902452678,-5532.646268347174,44.29027891243314,-1098.9883848094987,5085.9442667927
2023-02-01,2023,2,606,66,672,18180000,-3960000,14220000,2273421.73373509,9762808.544298967,369944.75,1979255.6512115726,28605430.67924563,39.26162142857143,463047.6108347901,-100861.85582539982,362185.7550093903,57904.42806523212,248660.35046617777,9422.55404996555,50411.96922578522,728585.0568165509,6173.968144463868,-1344.8247443386642,4829.143400125204,772.0590408697616,3315.471339549037,125.63405399954068,672.1595896771363,9714.467424220678
2023-03-01,2023,3,599,145,744,17970000,-8700000,9270000,2216774.9427592265,26246498.05960224,744408,6075997.102765092,44553678.10512655,39.07219677419355,459917.8311844715,-222664.72628296615,237253.1049015053,56735.35469660013,671743.5984284752,19052.115352051755,155506.923193481,1140291.0965721132,6132.237749126287,-2968.8630171062155,3163.374732020071,756.4713959546684,8956.581312379669,254.0282046940234,2073.4256425797466,15203.881287628175
2023-04-01,2023,4,641,79,720,19230000,-4740000,14490000,-272425.62264277256,14037103.01059385,1692696.2499999998,3365692.3276137062,33313065.965564784,40.06571666666667,479961.46331256605,-118305.63370262939,361655.8296099367,-6799.469604132192,350351.9761640068,42247.99631272455,84004.29613215553,831460.6286146913,6399.48617750088,-1577.408449368392,4822.077728132489,-90.65959472176256,4671.359682186758,563.306617502994,1120.057281762074,11086.141714862551
2023-05-01,2023,5,695,49,744,20850000,-2940000,17910000,6046567.276257151,2461948.8185154884,2859912.65,736172.926406784,30014601.67117942,39.80833870967742,523759.6110719224,-73853.87321589698,449905.73785602546,151891.97721499563,61845.05302947967,71842.04974885711,18492.932643477034,753977.7504928348,6983.461480958966,-984.7183095452931,5998.743171413673,2025.2263628666083,824.600707059729,957.8939966514282,246.57243524636044,10053.036673237797
2023-06-01,2023,6,668,52,720,20040000,-3120000,16920000,3872637.1746850125,1908560.4708609523,2586804.15,381896.23228202725,25669898.02782799,39.58796,506214.5157264986,-78811.8407717902,427402.67495470843,97823.61037762523,48210.62946564946,65343.20409538657,9646.777259601839,648426.8961529714,6749.526876353315,-1050.8245436238694,5698.7023327294455,1304.314805035003,642.8083928753261,871.242721271821,128.62369679469117,8645.691948706286
2023-07-01,2023,7,696,48,744,20880000,-2880000,18000000,5521444.731896962,-1224594.0643243631,10048523.8,-1110637.7862208285,31234736.68135177,40.432954838709676,516410.44003071275,-71229.02621113279,445181.41381957993,136558.03178180894,-30287.02871727698,248523.1128935388,-27468.627772846492,772506.9020048042,6885.472533742836,-949.7203494817705,5935.752184261066,1820.773757090786,-403.82704956369304,3313.6415052471843,-366.24837030461987,10300.092026730723
2023-08-01,2023,8,646,98,744,19380000,-5880000,13500000,36673676.043364644,-28483646.213239722,10955578.9,-12502232.514902137,20143376.215222783,39.922532258064514,485440.1488043174,-147285.24638644926,338154.90241786814,918620.9884258134,-713472.9337587524,274420.9417674634,-313162.3123023875,504561.58655000495,6472.535317390899,-1963.8032851526568,4508.732032238242,12248.279845677513,-9512.972450116698,3658.945890232845,-4175.497497365167,6727.487820666733
2023-09-01,2023,9,666,54,720,19980000,-3240000,16740000,5659576.721216209,-23435.258097693026,10708152,318999.53549882706,33403292.998617344,39.13102666666667,510592.27681904245,-82798.74759227716,427793.52922676527,144631.4396355273,-598.8919814786278,273648.6341443635,8152.087043771925,853626.7980689494,6807.897024253899,-1103.983301230362,5703.9137230235365,1928.4191951403639,-7.985226419715038,3648.64845525818,108.694493916959,11381.690640919325
2023-10-01,2023,10,672,72,744,20160000,-4320000,15840000,10908431.237535553,-2504942.45505962,10277219.05,-560339.1530048818,33960368.679471046,38.56466774193549,522758.29614053376,-112019.63488725723,410738.6612532765,282860.760282751,-64954.33778457602,266493.13093457517,-14529.858178852275,880608.3565071742,6970.110615207117,-1493.5951318300963,5476.51548337702,3771.4768037700132,-866.0578371276803,3553.2417457943357,-193.731442384697,11741.44475342899
2023-11-01,2023,11,660,60,720,19800000,-3600000,16200000,9055211.159337414,-4795702.949030899,5136845.3500000015,-637690.1577386986,24958663.40256782,39.00613,507612.52141650557,-92293.18571209192,415319.33570441365,232148.41255303755,-122947.41747081548,131693.28385051276,-16348.460043041918,639865.1545941066,6768.166952220075,-1230.5758094945588,5537.591142725515,3095.3121673738337,-1639.298899610873,1755.91045134017,-217.9794672405589,8531.535394588089
2023-12-01,2023,12,662,82,744,19860000,-4920000,14940000,11200887.254265383,-5442933.325579421,2386294.4000000004,-775274.9225481125,22308973.40613785,40.50600322580645,490297.69462288386,-121463.47721775371,368834.21740513016,276524.12882664456,-134373.4975587944,58912.116969360424,-19139.75363667041,550757.2120056703,6537.302594971785,-1619.5130295700494,4917.789565401736,3686.9883843552607,-1791.6466341172586,785.4948929248056,-255.1967151556055,7343.429493408938
2024-01-01,2024,1,689,55,744,20670000,-3300000,17370000,15221821.805902379,-9231486.899509856,3252039,-1560239.2706497826,25052134.63574274,41.35634838709677,499802.3473090062,-79794.27896079925,420008.0683482069,368064.93802174286,-223218.1336007434,78634.57792648443,-37726.717456915976,605762.7332387748,6664.031297453416,-1063.9237194773232,5600.107577976092,4907.5325069565715,-2976.2417813432453,1048.4610390197925,-503.02289942554637,8076.836443183664
2024-02-01,2024,2,651,45,696,19530000,-2700000,16830000,3550598.739728398,7181440.66563211,3636651.2,1248491.2674984348,32447181.87285894,40.98238275862069,476546.22999908036,-65881.96728097885,410664.2627181015,86637.1962958041,175232.3848012836,88736.93902619721,30464.096605896182,791734.8794472825,6353.949733321071,-878.4262304130513,5475.52350290802,1155.1626172773879,2336.431797350448,1183.159187015963,406.1879547452824,10556.465059297101
2024-03-01,2024,3,688,56,744,20640000,-3360000,17280000,5909438.626285838,1589181.3227834261,7542963.75,776935.3149878364,33098519.0140571,42.0304935483871,491072.03502710356,-79941.95919045871,411130.07583664486,140598.8397324592,37810.19894410472,179464.07746357424,18485.039060828516,787488.2310376115,6547.627133694714,-1065.8927892061163,5481.734344488598,1874.6511964327892,504.13598592139624,2392.85436618099,246.46718747771354,10499.843080501487
2024-04-01,2024,4,640,80,720,19200000,-4800000,14400000,20170026.296340864,-11526506.51515046,7946559.250000001,-2387283.094574328,28602795.93661608,42.25769666666667,454355.1001241667,-113588.77503104167,340766.32509312505,477310.1206969286,-272767.0323840129,188049.98560814446,-56493.45049271091,676865.9485214744,6058.068001655556,-1514.517000413889,4543.551001241667,6364.134942625715,-3636.893765120172,2507.3331414419263,-753.2460065694788,9024.879313619658
2024-05-01,2024,5,666,78,744,19980000,-4680000,15300000,24806821.9576545,-14730681.674265018,13260460.499999998,-5262463.003054733,33374137.780334745,42.87532580645161,466002.28975970915,-109153.6894932652,356848.6002664439,578580.3720684898,-343570.1396360803,309279.52734074957,-122738.7291891522,778399.6308504508,6213.363863462789,-1455.3825265768694,4757.981336885919,7714.404960913197,-4580.935195147737,4123.7270312099945,-1636.516389188696,10378.661744672678
2024-06-01,2024,6,642,78,720,19260000,-4680000,14580000,26927848.685413063,-16121522.602921093,15624670.950000001,-3724984.8653556993,37286012.167136274,43.591863333333336,441825.57310580666,-107359.48505374741,334466.08805205923,617726.4889895674,-369828.7104555466,358430.903274839,-85451.37969606635,855343.3901648527,5891.007641410755,-1431.4598007166321,4459.547840694123,8236.353186527565,-4931.049472740621,4779.078710331187,-1139.3517292808847,11404.57853553137
2024-07-01,2024,7,680,64,744,20400000,-3840000,16560000,12998364.034174485,-3284184.034454959,14798629.65,-279158.38907806075,40793651.26064147,44.444283870967745,459001.658328572,-86400.31215596649,372601.3461726055,292464.2474139488,-73894.40774858069,332970.37011472427,-6281.086447213853,917860.4695054841,6120.022111047627,-1152.0041620795532,4968.017948968074,3899.523298852651,-985.25876998107594,4439.60493486299,-83.7478192961847,12238.139593406455
2024-08-01,2024,8,675,69,744,20250000,-4140000,16110000,6412471.655677483,-1542601.6469882783,16171855.7,-482650.42064749997,36669075.288041696,45.29121935483871,447106.53165129636,-91408.4464709317,355698.08518036467,141583.10919912127,-34059.61837553119,357063.81789591344,-10656.60027534533,809628.7936245226,5961.420422017285,-1218.7792862790893,4742.641135738196,1887.774789321617,-454.1282450070825,4760.850905278846,-142.08800367127108,10795.050581660302
2024-09-01,2024,9,664,56,720,19920000,-3360000,16560000,-1786940.5026750031,7401066.824076925,13773120.2,608222.8413446844,36555469.36274661,45.79125,435017.6070755876,-73376.46384407501,361641.1432315126,-39023.62356727548,161626.22387632847,300780.61201648787,13282.51229972286,798306.8678567765,5800.234761007835,-978.3528512543335,4821.881909753501,-520.3149808970064,2155.0163183510463,4010.408160219838,177.1001639963048,10644.091571423685
2024-10-01,2024,10,687,57,744,20610000,-3420000,17190000,1472112.2874492984,9944058.388212094,12174726.9,1580526.5450400119,42361424.1207014,45.0154,457843.3158430226,-75974.00000888585,381869.31583413674,32702.414894664904,220903.47721473305,270456.93029496574,35110.79641722637,941042.9346557268,6104.577544573634,-1012.9866667851446,5091.59087778849,436.03219859553207,2945.379696196441,3606.0924039328766,468.1439522296849,12547.239128743024
2024-11-01,2024,11,671,49,720,20130000,-2940000,17190000,-3263823.1928155157,7956886.024889915,8951977.3,2462369.9140607947,33297410.046135195,44.040706666666665,457077.1343965719,-66756.4220132102,390320.7123833617,-74109.23756329787,180671.1705403285,203265.97771818982,55911.226236624,756059.8493152062,6094.361791954292,-890.0856268428028,5204.27616511149,-988.1231675106382,2408.948940537713,2710.213036242531,745.48301648832,10080.797990869416
2024-12-01,2024,12,708,36,744,21240000,-2160000,19080000,-18561819.225633893,16038541.817888904,7602068.950000002,3434890.827292339,27593682.369547352,43.72796774193549,485730.3253915151,-49396.304277103234,436334.0211144119,-424483.9214842576,366779.9499062429,173849.12545820314,78551.34836276075,631030.5233573611,6476.404338553534,-658.6173903613765,5817.786948192158,-5659.785619790102,4890.399332083239,2317.9883394427084,1047.3513115034766,8413.740311431482
2025-01-01,2025,1,713,31,744,21390000,-1860000,19530000,10039346.501086328,843644.2711402188,8266114.85,-151196.57056254678,38527909.051663995,43.565400000000004,490985.96592708887,-42694.43181974686,448291.534107342,230443.11543303463,19365.006889417262,189740.36391264625,-3470.5654157323647,884369.4549267077,6546.4795456945185,-569.2590909299581,5977.220454764561,3072.5748724404616,258.2000918588968,2529.8715188352835,-46.2742055430982,11791.592732356103
2025-02-01,2025,2,614,58,672,18420000,-3480000,14940000,21063995.87034558,-15249237.857995803,9357923.75,-2717681.8356722076,27394999.92667757,43.35843214285714,424830.8596424769,-80261.20475330182,344569.6548891751,485810.8291587675,-351701.7821989663,215827.07878291263,-62679.430536556385,631826.3500953324,5664.411461899692,-1070.149396710691,4594.262065189001,6477.4777221169,-4689.357095986217,2877.6943837721683,-835.7257404874184,8424.351334604431
2025-03-01,2025,3,707,37,744,21210000,-2220000,18990000,20482419.98326991,1690625.1135186064,14555860.9,86690.01485110194,55805596.01163962,44.69091935483871,474593.05617760983,-49674.520731461285,424918.53544614854,458312.79103127844,37829.275788562656,325700.6369555481,1939.7679909602477,1248701.007212498,6327.907415701465,-662.3269430861504,5665.580472615314,6110.837213750379,504.3903438475021,4342.675159407308,25.863573212803303,16649.346762833306
2025-04-01,2025,4,669,51,720,20070000,-3060000,17010000,24850866.37993752,-3988602.9076607185,15355795.700000001,-569224.6075240163,52658834.56475279,46.43591333333333,432208.5764940268,-65897.27175245252,366311.30474157433,535164.8023276564,-85894.78748978453,330687.92229347775,-12258.283872612168,1134010.9580003119,5762.781019920358,-878.6302900327003,4884.150729887658,7135.5306977020855,-1145.263833197127,4409.17229724637,-163.44378496816225,15120.146106670825
2025-05-01,2025,5,708,36,744,21240000,-2160000,19080000,21958420.56078645,1061965.42933269,13767205.899999999,489550.5962061416,56357142.48632528,46.84799032258064,453381.24119621754,-46106.56690131026,407274.6742949073,468716.38270046626,22668.324127039978,293869.72216317744,10449.76727571981,1202978.8705613108,6045.083215949568,-614.7542253508035,5430.328990598764,6249.55176933955,302.24432169386637,3918.262962175699,139.3302303429308,16039.718274150811
2025-06-01,2025,6,659,61,720,19770000,-3660000,16110000,13844835.961845124,12750263.995854594,15961381.799999999,518329.43921555823,59184811.19691527,47.8332,413311.2566167432,-76515.89272722711,336795.3638895161,289439.8861427863,266556.784740611,333688.3545319987,10836.185729065968,1237316.5750339779,5510.81675488991,-1020.2119030296948,4490.604851860215,3859.1984819038175,3554.0904632081465,4449.17806042665,144.48247638754626,16497.55433378637
2025-07-01,2025,7,686,58,744,20580000,-3480000,17100000,24446051.921768453,-2718292.8209853587,12817244.65,-627446.2065712404,51017557.54421185,48.87247096774194,421095.9583685412,-71205.73056960755,349890.2277989337,500200.8582276096,-55620.12247712124,262258.98540018505,-12838.438371274158,1043891.5105783328,5614.612778247216,-949.4097409281006,4665.2030373191155,6669.344776368128,-741.6016330282831,3496.7864720024672,-171.17917828365543,13918.553474377772
2025-08-01,2025,8,705,39,744,21150000,-2340000,18810000,25692105.641399708,-431.69087029444927,20237959.000000004,-1092367.9504749982,63647265.00005443,48.15257741935484,439228.8249870254,-48595.5295730326,390633.29541399283,533556.1878162894,-8.965062587094911,420288.17738560744,-22685.55514612854,1321783.1404071741,5856.384333160338,-647.9403943071014,5208.443938853237,7114.082504217192,-0.11953416782793215,5603.842365141432,-302.4740686150472,17623.77520542899
2025-09-01,2025,9,654,66,720,19620000,-3960000,15660000,27401492.742984053,-4693168.212751825,19278173.95,-703458.7231477838,56943039.75708444,48.45376,404922.1360736504,-81727.40361119549,323194.73246245494,565518.3982209853,-96858.70018656601,397867.45032790024,-14518.14519962504,1175203.7356251492,5398.961814315338,-1089.6987148159399,4309.263099499399,7540.245309613138,-1291.4493358208802,5304.899337705337,-193.57526932833386,15669.383141668657
